Downtown DC Private Carriage House	0	1	38.91139	-77.0208	4	2	1125	4.75	0.14	129.00	60.00
Room in Logan	0	1	38.91227	-77.03041	1	1	1125	0	0	95.00	0.00
Eastern Market 1BR Condo - walk to everything!	0	1	38.88591	-76.99364	4	2	1125	5	0	118.00	70.00
DC Spacious 2BR Apt | WiFi + Work Space | by GLS	0	1	38.89966	-77.03449	5	2	1125	4.75	0	219.00	80.00
Walk to METRO. Budget In DC. The Garden Room.	0	1	38.90679	-76.94248	2	10	60	4.55	0	45.00	100.00
2 bedroom/2 bath in Georgetown	0	1	38.90468	-77.05839	5	2	1125	4.95	0	500.00	0.00
2 bdr 2.5 bath rowhouse near metro	0	1	38.94016	-77.02276	6	10	60	5	0	96.00	70.00
Master bdrm near Petworth metro	0	1	38.94003	-77.02196	1	58	60	5	0	350.00	80.00
Modern Light-Filled Apartment in Historic Rowhouse	0	1	38.9116	-77.01055	4	2	1124	4.65	0.08	99.00	59.00
Georgetown One bedroom (30th St)	0	1	38.90468	-77.05839	4	2	1125	4.65	0	250.00	0.00
Room in a colorful, sunny house!	0	1	38.92215	-77.00319	2	1	24	4.95	0	50.00	7.00
Spacious Capitol Hill Row Home	0	1	38.88921	-76.98288	6	7	1125	0	0.25	299.00	80.00
Modern apt near U st // Convention Center // & monuments!	1	1	38.91301	-77.01432	5	1	1125	4.55	0	99.00	64.00
Gorgeous, historic house blocks from Capitol/Metro	0	1	38.88386	-77.00495	16	6	7	5	0	495.00	300.00
Huge Cap Hill Garden Apartment/English Basement	0	1	38.8958	-76.9926	4	2	1125	4.8	0	126.00	75.00
Spacious 2BD w Parking, Walk to all the sights!	0	1	38.90634	-77.03333	5	9	11	5	0	260.00	0.00
Nice Capitol Hill Place	1	1	38.89984	-76.9974	2	1	1125	4.9	0.1	125.00	35.00
Heart of Dupont Circle West	1	1	38.91492	-77.04219	4	1	30	4.9	0.17	145.00	48.00
Lux 2 Bedroom Apt w/wifi near Convention Center	0	1	38.89951	-77.02598	5	30	1125	4.5	0	337.00	100.00
Capitol Hill sunny bay window suite	1	1	38.89758	-76.98739	2	3	1125	4.8	0.22	77.00	25.00
1BD Roomy, Bright, Private and Cozy	1	1	38.95827	-77.02109	2	2	70	4.95	0.06	60.00	50.00
Gorgeous Cozy Room in Solar Townhouse	1	1	38.91981	-76.98569	1	90	365	4.55	0	43.00	200.00
SUNNY TOP FLR, SLEEPS 4, METRO, CONV CTR, PETS OK!	1	1	38.90815	-77.01557	4	2	1125	4.8	0	115.00	60.00
Welcome to Capitol Hill	0	1	38.88974	-77.00082	3	2	1125	4.8	0	104.00	55.00
Newly renovated spacious central 1br near Zoo	0	1	38.92976	-77.04257	2	4	1125	4.75	0	105.00	55.00
Newly renovated apt. in Petworth	0	1	38.93889	-77.02936	3	15	1125	4.95	0	95.00	80.00
Sunny Apt in the Heart of Dupont	0	1	38.91443	-77.03962	3	1	1125	5	0	100.00	25.00
The ERA - Unique Modern Loft in DC	0	1	38.91553	-77.01848	2	4	1125	4.9	0.12	105.00	65.00
Convention Center/Downtown D.C. Row House	1	1	38.90724	-77.01485	6	1	1125	4.85	0	199.00	55.00
NW DC/ NearTakoma Park Metro	0	1	38.968	-77.02463	2	2	1125	4.7	0.09	70.00	75.00
Head to the Capitol Building from a Modern Carriage House	1	1	38.88434	-76.98839	2	3	30	5	0.21	120.00	70.00
Modern luxury in Shaw, short walk 2 metro/conv cen	1	1	38.91246	-77.02076	4	2	30	4.85	0.17	120.00	45.00
HOT Bloomingdale Beauty!!!	0	1	38.91497	-77.0137	3	2	30	4.8	0.14	81.00	70.00
Private studio, free parking, at bus stop to sites	0	1	38.94858	-77.02102	2	2	1125	4.9	0	65.00	30.00
Luxury High-rise Studio Apartment.	0	1	38.90507	-77.02984	2	1	8	5	0	86.00	50.00
Beautiful private room/bath in DC	0	1	38.92121	-77.04118	2	1	1125	0	0	60.00	0.00
Bright Bdrm w/bath, near Metro	0	1	38.94215	-77.02223	2	29	30	5	0	350.00	35.00
Bright 1-br apt near Petworth metro	0	1	38.94181	-77.02254	2	70	1125	5	0.18	350.00	30.00
Beautiful Sunny House	0	1	38.9648	-77.03056	10	3	1125	4.5	0.11	150.00	125.00
Cute Apartment in Dupont Circle	0	1	38.9122	-77.04105	3	1	1125	0	0	200.00	0.00
spacious apt in historic district!	1	1	38.8894	-76.98619	3	2	1125	4.75	0.33	125.00	75.00
Perfect Georgetown Apartment	0	1	38.90708	-77.06307	2	2	14	4.7	0.31	85.00	25.00
Stunning views on 14th Street	0	1	38.91999	-77.03227	4	1	1125	0	0.09	200.00	0.00
Master and Basement in New Beautiful Row Home	0	1	38.91678	-77.00565	2	30	60	0	0.08	299.00	0.00
2BR Capitol Hill Rowhouse with PRIVATE PARKING!	0	1	38.89604	-76.97617	5	2	1125	0	0.25	300.00	80.00
LUXURY ROW HOUSE 2 BLKS TO METRO	0	1	38.90057	-77.05316	4	30	1125	4.9	0.05	250.00	75.00
Cozy basement apartment in trendy Petworth	0	1	38.94568	-77.02064	3	2	7	5	0.1	90.00	13.00
Charming room in great neighborhood	0	1	38.92776	-77.0266	2	3	1125	4.75	0.41	45.00	0.00
Modern & large 4 BR just 10 yards to metro	1	1	38.88228	-76.98561	7	2	5	4.9	0.13	189.00	150.00
Luxury apartment in Chinatown right in the center!	0	1	38.89644	-77.02212	3	3	1125	0	0.3	750.00	0.00
Walk To Union Station	1	1	38.89874	-76.99908	2	1	1125	4.9	0.42	105.00	25.00
The Nurses, Doctors, National Guard Peace&Comfort!	0	1	38.87984	-76.98875	6	2	1125	4.8	0	200.00	150.00
Cozy 1 BR apartment in DC	0	1	38.91954	-77.00997	3	1	30	4.5	0	75.00	30.00
2br, 1ba apt perfect location!!	0	1	38.93179	-77.02907	6	1	1125	5	0.33	150.00	50.00
Spacious 2 Bedroom Suite with parking pass	1	1	38.92502	-77.03025	4	3	1125	4.95	0.4	110.00	50.00
"The Hideaway" Private Apt by Metro	1	1	38.93456	-77.02278	2	2	14	4.9	0.17	68.00	19.00
Spacious, airy top-floor bedroom	0	1	38.93278	-77.02933	1	1	1125	4.65	0.2	45.00	0.00
Cozy room in Beautiful Home	0	1	38.94572	-77.02519	2	1	1125	5	0.33	50.00	10.00
1 BR Apt off 14th St Corridor	0	1	38.91129	-77.0333	2	3	1125	4.4	0.16	135.00	75.00
Capitol Hill Classic stay.	1	1	38.89109	-76.99686	1	1	1125	4.9	0	95.00	50.00
Private bedroom in charming rowhome	0	1	38.93142	-77.02025	2	1	1125	5	0.38	120.00	0.00
Hip Home in Little Rome - The Sunny Guest Room	0	1	38.94527	-76.9896	2	7	1125	4.8	0.21	42.00	15.00
A place to stay for the Pope Visit	0	1	38.91203	-77.0299	2	1	1125	3.85	0	140.00	10.00
Spacious/Light Apt right on Dupont!	0	1	38.90929	-77.04566	2	3	1125	5	0	150.00	80.00
Middle room in Victorian home	1	1	38.92458	-77.03021	1	30	365	4.5	0.22	75.00	160.00
Private Basement Apartment	0	1	38.93126	-77.01955	2	1	1125	5	0.33	115.00	0.00
Beautiful, Secure 2BR. 2.5BA with Gated Parking	0	1	38.91599	-77.01579	5	3	31	4.45	0	225.00	200.00
Grand Historic Victorian Row House	1	1	38.91098	-77.02987	6	3	1125	5	0.13	575.00	200.00
Cozy Sunny(Blue) Bedroom/office by subway metro	1	1	38.87477	-77.00962	1	2	300	4.9	0	75.00	35.00
Victorian Mansion - 7 Bedrooms - 5 Star Location!	0	1	38.92846	-77.03092	14	2	1125	4.8	0	649.00	250.00
English Basement near Metro and CUA	0	1	38.93134	-76.98944	2	3	1125	4.85	0.14	88.00	40.00
Master Bedroom/Office with pvt bathroom in DC	1	1	38.87407	-77.01053	1	4	30	5	0	85.00	45.00
Condo in DC's Dupont/Logan Area right off 14th St.	0	1	38.91184	-77.03602	2	2	5	4.9	0	100.00	0.00
Beautiful Woodley Park Apartment	0	1	38.92643	-77.05342	2	4	1125	4.85	0.5	550.00	35.00
Spacious 2bd 2.5b Condo with TVs, Gated Parkg, etc	0	1	38.91552	-77.01492	6	3	60	4.5	0.15	179.00	200.00
Bright 2nd level 2 Bdrms with Porch	0	1	38.88814	-76.98418	4	1	31	5	0	150.00	0.00
Park View	0	1	38.91584	-77.02517	2	2	1125	4.95	0.32	129.00	60.00
Charming Victorian 2 Blks to Metro	0	1	38.93465	-76.99104	2	2	1125	4.75	0	72.00	25.00
Row House w Parking (sleeps 6-8)	0	1	38.92539	-77.03581	8	1	1125	0	0.32	279.00	0.00
Master bdrm in spacious row house!!	0	1	38.9234	-77.03631	2	1	1125	0	0.14	99.00	0.00
Charming Georgetown Apartment	0	1	38.91175	-77.05996	3	2	1125	5	0.16	120.00	20.00
Top Floor Loft with Roof Terrace	0	1	38.93192	-77.02534	5	7	14	4	0	136.00	0.00
Charming 1BD - Capitol Hill	0	1	38.89458	-76.99099	2	3	1124	4.9	0	81.00	85.00
Cozy Sunny Studio in Heart of DC	0	1	38.90623	-77.02344	2	4	15	5	0.07	80.00	5.00
Downtown Luxe Apartment	0	1	38.90021	-77.03257	2	7	14	3	0.18	150.00	300.00
Greetings All and Welcome to DC!	0	1	38.94196	-77.06046	1	1	1125	0	0.15	45.00	0.00
Charming sunny bedroom with desk near Metro/Mall Y	1	1	38.87356	-77.01031	1	3	300	4.85	0	72.00	35.00
The Other Bates Motel	0	1	38.90963	-77.01393	2	1	1125	5	0.18	72.00	20.00
Sunny 2BD with Huge Balcony	0	1	38.93249	-77.03362	2	1	1125	4	0	79.00	0.00
Epicenter of Georgetown!!	0	1	38.90783	-77.06624	2	2	1125	4.7	0	120.00	50.00
Franklin's House  -  Part One	0	1	38.94281	-76.97649	2	30	365	4.65	0.12	48.00	50.00
Beautiful Townhouse @ Union Stn + H	0	1	38.89947	-76.9984	1	1	1125	4.7	0.05	80.00	20.00
Quiet oasis in the heart of Adams Morgan	0	1	38.91854	-77.0421	3	3	300	4.75	0.34	300.00	35.00
Modern Sunny Gem in Mt. Pleasant	1	1	38.93356	-77.04467	4	2	28	4.95	0	115.00	60.00
Room Available in Northeast DC	0	1	38.91674	-76.9993	1	2	4	0	0	45.00	0.00
English Basement in Georgetown	0	1	38.91329	-77.07432	3	2	1125	4.9	0.33	130.00	75.00
50% refunded for help packing!	0	1	38.88191	-76.989	2	1	1125	0	0.14	59.00	50.00
Historic Rowhouse in Dupont Circle	0	1	38.91551	-77.03911	6	3	1125	4.5	0	300.00	230.00
"Kozy Kot"	0	1	38.88625	-76.95552	2	2	4	0	0.32	90.00	0.00
Mount Pleasant Family Home Near Zoo in DC	0	1	38.93055	-77.04045	4	2	14	0	0	200.00	0.00
Georgetown! Top of the Hill!	0	1	38.91365	-77.06444	6	3	1125	4.3	0.26	475.00	200.00
Modern, sunny 2BR/2BA next to Metro	0	1	38.92878	-77.03274	4	1	1125	0	0.09	267.00	49.00
Brookland Room	0	1	38.93868	-76.99191	1	1	30	4.6	0.23	33.00	0.00
Beautiful room next to the Metro station	0	1	38.93762	-77.02346	1	4	365	5	0.43	39.00	0.00
Zen Space in Historic MtP w/In-Room *Minibar*	1	1	38.93424	-77.04425	2	2	1125	4.95	0	75.00	50.00
Beautiful Apartment close to mall	0	1	38.89294	-76.99777	2	1	1125	4	0	50.00	0.00
Huge windows, balcony, park view!	0	1	38.91846	-77.03462	2	3	5	4.65	0	89.00	50.00
Your Private Condo with parking near 14th and U	1	1	38.92032	-77.03227	2	2	1125	4.95	0.34	175.00	50.00
Lovely Bsmnt Apt mins from Capitol	0	1	38.92016	-77.01326	6	2	180	4.55	0.06	105.00	65.00
DC Anacostia-7 mins to US CAPITOL, FREE PARKN!!	0	1	38.86716	-76.98328	8	2	1125	4.15	0	179.00	80.00
Cozy Studio In Adams Morgan	0	1	38.92594	-77.04017	2	7	1125	0	0.1	60.00	0.00
Classic English Apt in Columbia Hts	0	1	38.92389	-77.02737	4	2	30	4.8	0	99.00	35.00
Studio available in heart of DC	0	1	38.90059	-77.05249	4	1	1125	0	0.09	110.00	0.00
Cozy basement room 10 mins from shaw howard metro.	0	1	38.91986	-77.01426	1	28	365	4.5	0.17	37.00	20.00
Capitol Hill Classic - chic urban	0	1	38.89184	-77.00026	2	2	40	4.9	0.3	159.00	80.00
Capital Home close to everything in DC!	0	1	38.88996	-76.98455	3	1	1125	0	0.41	110.00	0.00
Cozy room in downtown DC	0	1	38.90422	-77.0091	1	1	1125	4.65	0.09	90.00	70.00
Franklin's First Home -  Part Two.	0	1	38.94381	-76.97554	2	30	180	4.65	0	47.00	20.00
Gorgeous Cape Cod, Parking and Pool	0	2	38.97377	-77.0693	10	2	1125	5	0.11	995.00	175.00
1 BR Rowe Home apt / Great Location	0	1	38.89629	-77.00067	3	1	1125	5	0.15	150.00	0.00
Elegant Comfort by Brookland Metro	0	1	38.93493	-76.98989	2	2	1125	4.65	0.14	79.00	25.00
Perfect Location for the Upcoming Events!	0	1	38.90729	-77.02872	2	1	1125	4.5	0.21	200.00	40.00
Furnished Studio	1	1	38.94006	-77.06342	1	90	240	4.75	0	60.00	0.00
SUMMER SUBLET: Comfy 1-bedroom, Bloomingdale	0	1	38.91227	-77.01017	2	45	1124	4.8	0.16	50.00	0.00
Cute 2 Bedroom English Basement Apt.	1	1	38.90208	-76.99531	4	2	1125	4.75	0.1	120.00	85.00
Cozy 'n clean Zen-like suite, TWO blocks to Metro!	0	1	38.9339	-76.98841	2	14	90	4.4	0.17	35.00	20.00
Entire 1BR Apt W/ Modern Amenities	0	1	38.91183	-77.02269	2	4	10	5	0.1	99.00	0.00
Large Studio with Kosher Kitchen	0	1	38.91055	-77.05355	2	30	90	0	0.24	100.00	0.00
Bright 1 Bdrm in Heart of Shaw	1	1	38.90956	-77.01974	2	3	30	4.85	0	110.00	45.00
Luxury Woodley Park 1BR Condo+pool	0	1	38.92824	-77.05362	2	180	365	0	0	99.00	0.00
PERFECT STUDIO FOR INAUGURATION	0	1	38.89718	-77.04667	3	2	5	4.65	0.18	100.00	50.00
CHEERY 1-BR IN THE ♥ OF SHAW | 2 BLOCKS TO SUBWAY	0	1	38.91036	-77.02362	3	1	179	4.8	0.18	90.00	64.00
Sunny & Spacious Capitol Hill Home	0	1	38.88903	-77.00016	1	1	1125	4	0	500.00	100.00
Large 3br,2.5b Two level condo with Gated Parkg	0	1	38.91613	-77.01702	7	3	31	4.7	0.2	299.00	200.00
A beautiful apartment in Washington	0	1	38.92255	-77.07661	2	2	15	0	0.29	130.00	0.00
Studio Apartment	0	1	38.95749	-77.07188	2	1	1125	5	0	80.00	0.00
Sunny and spacious one bedroom	0	1	38.91707	-77.03941	2	1	1125	4.85	0.13	96.00	45.00
Newly-renovated Capitol Hill Home	1	1	38.90193	-77.00023	6	2	120	4.85	0	256.00	0.00
DC Weekdays Listing	0	1	38.95352	-77.00193	1	1	1125	0	0	95.00	0.00
Private Room in NW DC	1	1	38.98149	-77.05656	2	1	1125	4.95	0	72.00	0.00
Junior One Bedroom in DuPont Circle	0	1	38.90927	-77.04003	3	3	1125	4.8	0.15	96.00	25.00
Large studio:Dupont Circle -WestEnd	1	1	38.90341	-77.04903	2	4	1125	4.7	0	120.00	65.00
Serenity calls..	0	1	38.86406	-77.01413	6	2	7	4.9	0	350.00	100.00
1 Bedroom Apartment in Glover Park	0	1	38.9241	-77.07588	4	3	1125	0	0.35	70.00	0.00
Central and Spacious in DuPont/Admo	1	1	38.91776	-77.04325	4	2	1125	4.8	0.23	87.00	50.00
Carriage house apartment	0	1	38.92867	-77.02117	2	2	1125	4.75	0.14	80.00	60.00
Comfort in the heart of Shaw	0	1	38.91763	-77.0231	2	1	1125	5	0	225.00	0.00
INAUGURATION 1BR 1BA apartment in Adams Morgan!	0	1	38.92238	-77.04351	4	2	7	0	0.22	400.00	100.00
Private Room near Convention Center	0	1	38.90753	-77.02037	2	2	1125	4.65	0.43	75.00	20.00
Dupont Cir Beautiful 2 BR Perfect for Inauguration	0	1	38.91504	-77.04262	4	2	4	5	0.29	500.00	70.00
Beautiful 1br. in Georgetown/Dupont	0	1	38.90975	-77.054	2	5	1125	0	0.3	115.00	60.00
Great space on U street	0	1	38.91718	-77.03668	2	1	1125	5	0	95.00	0.00
Wonderful Third Floor Apartment!	0	1	38.93283	-77.04279	3	1	1125	5	0	90.00	15.00
Elegant and Luxe Hi-Rise Modern Apt	0	1	38.90606	-77.00542	2	1	1125	4.6	0	125.00	40.00
Modern, Urban Row House - U Street	0	1	38.92373	-77.02837	4	2	1125	4.9	0	225.00	150.00
Large Master Bedroom Near Brookland Metro!	0	1	38.94329	-77.00407	1	14	1125	5	0	55.00	80.00
Gtown/Dupont - Best of both worlds	0	1	38.91126	-77.05278	2	1	1125	0	0.4	200.00	0.00
Private Treehouse GREAT FOR MONTHLY OR LONGER TERM	1	1	38.88972	-76.99663	2	30	500	5	0	125.00	125.00
Gorgeous 1890s Carriage House- 3 blocks to Capitol	1	1	38.89067	-77.00155	6	30	500	5	0	275.00	125.00
Gem in a Glover Park	0	1	38.92056	-77.07863	2	1	1125	4.55	0	75.00	0.00
1 bedroom apartment in Logan Circle	1	1	38.90829	-77.02681	2	3	1125	4.9	0.19	140.00	40.00
Private Room&Bath on Capitol Hill	0	1	38.88474	-76.9789	2	1	1125	4.7	0.26	70.00	5.00
Bright, Sunny Twin Room	1	1	38.86294	-76.98857	1	2	1125	4.85	0.14	65.00	0.00
Velvet Navy Wingback Chair	1	1	38.86402	-76.98726	2	2	1125	4.9	0.24	75.00	0.00
Modern Row House in Hip Columbia Heights	0	1	38.93545	-77.02766	6	30	1125	5	0.18	325.00	99.00
Bright modern + comfortable DC base	0	1	38.932	-77.03873	4	2	90	4.9	0.16	119.00	65.00
New Convention Center Flat 3br 3ba	0	1	38.90412	-77.0263	12	3	1125	4.75	0.16	750.00	250.00
Bright and Charming 2 Bedroom. Hear	0	1	38.92355	-77.04425	4	1	1125	0	0	3200.00	0.00
Family-friendly Apartment in Beautiful Bloomingdale	1	1	38.91607	-77.01305	4	3	120	4.9	0.12	149.00	70.00
Cool Capitol Hill Townhouse	0	1	38.8814	-76.99424	6	3	30	4.9	0.12	200.00	75.00
Columbia	0	1	38.93276	-77.0318	1	1	1125	5	0.3	130.00	0.00
Capitol Hill Neighborhood	0	1	38.8983	-76.99075	2	1	1125	0	0.06	90.00	0.00
Cozy room in ideal central location	0	1	38.90361	-77.02074	2	2	1125	4.85	0	85.00	30.00
2 BR up to 6 people Row-house, Capitalhill  DC	1	1	38.89328	-76.98659	7	2	180	4.9	0.33	144.00	80.00
Little Italy ~ Sleeps 6 in Style!	1	1	38.93103	-76.98534	6	3	89	4.6	0.22	90.00	95.00
SW waterfront Capitol Hill Condo BR	0	1	38.88118	-77.01748	2	1	1125	4.85	0	75.00	10.00
AU Park/Tenleytown Colonial House	0	1	38.95396	-77.08771	8	21	42	0	0.2	210.00	125.00
Large Downtown apt with stunning Park Views	0	1	38.91856	-77.03473	3	2	1125	4.5	0.24	175.00	80.00
Comfy Apt in Logan Circle DC!	0	1	38.90648	-77.02878	2	22	1125	4.1	0.29	55.00	0.00
Foggy Bottom Studio - Easy Walk to the White House	0	1	38.90349	-77.05006	1	1	93	4	0	210.00	0.00
Spacious 5BR 2FB 2blocks from metro	0	1	38.92114	-76.99259	10	2	1125	4.6	0	270.00	75.00
Sunny Dupont Circle 1BR Apartment	0	1	38.91131	-77.04731	2	1	1125	5	0.24	75.00	0.00
Georgetown/East Village Row House	1	1	38.90919	-77.05682	5	2	1125	4.9	0	300.00	160.00
Elegant Flat in Logan	1	1	38.90986	-77.02758	4	1	1000	4.85	0	75.00	75.00
Artistic, Elegant and Light Filled!	1	1	38.90785	-77.05766	2	2	30	4.8	0	76.00	50.00
Four Blocks from White House	1	1	38.8967	-77.04669	2	1	6	4.8	0.3	116.00	40.00
Modern & Cozy in Parkview w/ FREE Parking	0	1	38.92879	-77.018	4	1	1125	4.75	0	83.00	59.00
English basement mins walk Chinatown/Downtown	0	1	38.90407	-77.0198	2	4	20	4.95	0.3	99.00	30.00
Tourist Central |Ace Location|MONTHLY RATES AVAIL!	1	1	38.89034	-77.00323	4	30	500	4.75	0.16	145.00	110.00
One Room	0	1	38.90762	-77.03062	1	1	1125	5	0	100.00	0.00
A private Bedroom & Bath w/ deck in cosy condo	0	1	38.92033	-77.00426	1	1	1125	4.9	0.25	68.00	55.00
Basement Apartment in Brookland, DC	0	1	38.93879	-76.97574	2	1	1125	0	0.07	100.00	0.00
Cozy Capitol Hill 1 BR English Basement	1	1	38.88046	-76.98661	3	2	28	4.85	0.21	105.00	40.00
Cozy, Sunny Room in Vibrant H street Neighborhood	0	1	38.90108	-76.98897	2	5	1125	4.4	0	54.00	0.00
Beautiful home minutes from downtown DC	0	1	38.95273	-77.02267	2	1	4	0	0.24	70.00	35.00
Rm 2 (Website hidden by Airbnb) Room in our B&B	0	1	38.91521	-77.01624	3	1	1125	4.9	0	70.00	10.00
Beautiful & Historic U Street Area Townhouse	0	1	38.91931	-77.02833	4	2	1125	4.85	0	200.00	40.00
Spacious Studio Apt in central & trendy location	0	1	38.9258	-77.03849	2	2	4	4.8	0.19	129.00	0.00
Serene Apartment in a D.C. Rowhouse	1	1	38.91398	-77.01067	4	1	1125	4.9	0	125.00	45.00
One Bedroom Five Mins from Capitol!	0	1	38.88284	-77.00291	4	2	11	5	0	379.00	20.00
Peaceful Room in Comfy JP Home	0	3	42.298708582829484	-71.11250952324193	2	1	10	4	0	25.00	0.00
Nice and neat room in 2 brm apt	0	3	42.30841063964904	-71.1013204329874	1	2	31	4.9	0.13	50.00	0.00
Adorable, Cozy Space in JP!	0	3	42.312630016865675	-71.10439934389252	2	1	40	4.25	0	49.00	50.00
Sunny apartment in JP!	0	4	42.31721558278527	-71.1079661278404	4	2	1125	0	0	125.00	75.00
Cute Jamaica Plain Condo	0	3	42.31968622416286	-71.11205826620998	4	1	1125	0	0	180.00	0.00
Bed, Bath & Beyond IV in JP	1	3	42.32134118362715	-71.10588595618334	2	1	1125	4.8	0.14	60.00	10.00
Private Room w/Porch. A JP experien	0	3	42.30596576341033	-71.1087761022673	2	2	1125	4.1	0	85.00	60.00
Real bed with a private bathroom	0	3	42.31021302681578	-71.10143683020078	2	2	1125	4.8	0	85.00	15.00
Sunny Room, Spacious 1901 Victorian	1	3	42.31378359100291	-71.11505147881796	2	1	1125	4.85	0	64.00	7.00
Amazing Design & Detail Throughout!	0	3	42.31591115539129	-71.11275691200883	12	3	365	4.8	0	725.00	130.00
Clean & Quiet Room in Modern Home, Near Transit	1	3	42.299587787693476	-71.11178023080245	2	3	1125	5	0	75.00	20.00
Trendy JP Condo, Steps from T	0	3	42.29816032662961	-71.11153003037721	4	14	60	5	0.09	119.00	0.00
Beautiful 1BR in Great Location	0	3	42.307815783766195	-71.11674523568081	4	2	365	4.85	0.13	110.00	0.00
Stunning suite, historic victorian	0	3	42.3106308513631	-71.1118435456616	2	2	1125	4.15	0.42	179.00	0.00
Charming Modern Home in JP!	0	3	42.31005424705419	-71.10711518817013	6	2	1125	4.5	0	175.00	30.00
Stony Brook T Stop JP Studio	0	3	42.31643683590324	-71.10342311812423	2	6	1125	4.55	0.14	125.00	50.00
Furnished Longwood 1BR Apartment.	0	3	42.334972639149164	-71.09995701146728	3	3	1125	0	0.37	169.00	100.00
Cozy room in front of train/bus stp	0	3	42.33228947881412	-71.11145871679565	5	4	60	4.15	0	99.00	30.00
Longwood Medical Area	0	3	42.33317355053192	-71.10683935870468	1	2	1125	4.2	0	90.00	5.00
Boston Classic Brownstone Condo/private room	0	3	42.32805295961436	-71.10766569680597	2	1	1125	4.65	0	80.00	10.00
$195 Special! **Sunny** Penthouse Duplex!!  L@@K	0	3	42.33085067643886	-71.09655381597143	6	3	1125	4.75	0.43	275.00	85.00
Convenient Private Room-Downtown Boston, Longwood	0	3	42.3312871644328	-71.10049923089404	2	1	1125	4	0	71.00	50.00
Private room in a beautiful space!	0	3	42.32745887376272	-71.09931845165326	2	1	30	4.6	0.31	125.00	10.00
Apt with walking distance to subway	0	3	42.333992849803394	-71.1044900544699	2	5	10	0	0.4	140.00	50.00
Common area bed and sleeping nook	0	3	42.33145771450857	-71.10907279875214	2	7	1125	4.75	0.19	52.00	0.00
Cozy Private Room Near Transit	0	3	42.33393473005611	-71.1031350097219	2	2	1125	3.95	0.12	70.00	25.00
Nice Apt, Great Location & Clean :)	0	3	42.334081077460304	-71.10377646236957	3	1	1125	4.4	0.27	208.00	84.00
Beautiful loft by the Orange line!	0	3	42.32741024620903	-71.09931468957615	7	2	6	4.2	0.25	399.00	25.00
Cozy studio close to Fenway park	0	3	42.33083819671834	-71.1111538723692	2	3	90	4.65	0.14	100.00	13.00
420 Friendly College Apartment	0	3	42.331289993980874	-71.10269410257068	1	1	1125	0	0.08	59.00	0.00
Furnished Longwood 1BR Apartment.	0	3	42.33517883916313	-71.10149178764377	3	3	1125	0	0	169.00	100.00
Furnished Longwood 1BR Apartment	0	3	42.33515913715047	-71.10032459813883	3	3	1125	0	0	169.00	100.00
Convenient Place & Comfortable Room	1	3	42.33355814397967	-71.10942495730387	1	2	730	4.75	0	75.00	35.00
Boston Private Suite，Great Location！	0	3	42.33253220985536	-71.09814589395016	2	2	1125	0	0	100.00	15.00
Duplex Penthouse in Longwood Area	0	3	42.33285412870826	-71.1011504927296	3	5	90	4.45	0.14	115.00	200.00
Evolve Longwood	0	3	42.333202085723286	-71.10146471422755	2	2	1125	3	0	65.00	0.00
Summer deal - apt in front of Tstop	0	3	42.330612975666746	-71.1118462450954	12	15	60	0	0	349.00	120.00
Private Rm near T Separate Bunkbeds	0	3	42.333681739622975	-71.10151731844184	3	2	1125	4.1	0	75.00	25.00
40 Pontiac street Boston, MA 02120	0	3	42.33110058552291	-71.10202037996434	1	15	30	0	0	35.00	0.00
Large Apt in Great Location	0	5	42.332957578581784	-71.1001005250145	5	5	1125	0	0.08	100.00	0.00
Spacious 2 Bedroom with Balcony	0	5	42.332692483338235	-71.10152380428332	4	2	1125	4.5	0	199.00	0.00
Sunny, convenient apartment	0	3	42.33232514947065	-71.10058162355831	2	5	21	0	0.09	75.00	0.00
Big Apartment Steps from MBTA!	0	3	42.33309366612163	-71.10820555597843	4	2	1125	4.65	0.25	160.00	0.00
Lux Furnished 1BR Boston MA Apt.	0	3	42.33336456830139	-71.09999220363608	3	3	1125	0	0	349.00	100.00
Mission Hill Red Room for 2	0	3	42.32739596445591	-71.10508282460825	2	2	7	4.8	0.27	65.00	10.00
交通便利 经济实惠的公寓单间。	0	3	42.33363628786899	-71.11102997441894	1	1	1125	5	0.19	41.00	0.00
Luxury 1 Bedroom close to Brigham Circle, Fenway	0	3	42.3288889027853	-71.09959329053882	2	1	10	0	0.29	80.00	50.00
Cozy furnished 1 Bed, Longwood Med.	0	3	42.33000151862129	-71.11219829247533	2	1	31	4.25	0	49.00	5.00
Modern Apartment In Mission Hill/Longwood Medical	0	3	42.33239082094806	-71.09582797852967	1	20	60	4	0.31	35.00	0.00
Master Bedroom w/ Private Bathroom	0	3	42.328265478773005	-71.1031099875802	2	1	14	5	0	72.00	30.00
Cozy room in front of metro station	0	3	42.33192694022545	-71.11127381322933	2	2	1125	4	0.2	90.00	10.00
Private Bedroom with Sunny Balcony	0	5	42.33074321780027	-71.10302204744768	2	5	90	5	0.4	100.00	50.00
Condo/private room close to Longwood Medical Area	0	3	42.33218318025737	-71.09989420032309	2	2	1125	0	0.21	90.00	15.00
Riverway the best of Boston & Brookline!	0	3	42.33186187945024	-71.11217701588376	2	7	365	0	0.38	89.00	0.00
Mission Hill Private Bedroom	0	3	42.33186650036742	-71.1098433298534	1	1	1125	0	0.4	65.00	0.00
One Block from the Orange Line!	0	3	42.33163113142332	-71.09588697824026	2	1	21	4.55	0.14	170.00	30.00
Furnished Longwood 1BR Apartment.	0	3	42.333884142528916	-71.10040464747296	3	5	1125	2	0.06	169.00	100.00
Beautiful Hilltop Apartments, the end day8/31/16	0	3	42.32907475055905	-71.10342383185092	5	5	1125	4.3	0	150.00	50.00
Pretty room in Boston Brownstone with shared bath	0	5	42.333230180175455	-71.1018110081669	1	10	1125	0	0.16	50.00	0.00
Shared space for a girl 09/02-09/06	0	5	42.33102370929679	-71.09853909349202	1	1	1125	0	0.12	20.00	0.00
big bright room in 4b1b near T/longwood	0	3	42.3316098720629	-71.11137608903677	1	1	1125	4.35	0	56.00	0.00
The Treehouse	0	3	42.33175609091467	-71.1074984171205	3	4	1125	5	0.35	140.00	30.00
Master Bed/Bath-Modern-Mission Hill	0	3	42.32939203897631	-71.10981426405893	2	1	1125	4.75	0.5	88.00	30.00
Private room with shared bath in Boston brownstone	0	5	42.334355128416234	-71.10298914383577	1	10	1125	0	0.14	50.00	0.00
Beautiful private AC Bedroom/Near T	0	3	42.329184016697916	-71.1006194248204	2	1	1125	4.65	0	74.00	10.00
Massive, Comfy Room Right Near City	0	3	42.33059891873408	-71.09725003327694	2	1	1125	0	0	42.00	0.00
Furnished Longwood 2-BR Apartment	0	3	42.33483333131768	-71.10146655561927	5	3	1125	0	0.17	199.00	100.00
Shared apt in heart of Boston.	0	3	42.33424187581221	-71.09798769340145	1	1	1125	5	0.23	40.00	15.00
Furnished 1BR Longwood Apartment.	0	3	42.33384311318831	-71.10181769806175	3	3	1125	0	0	169.00	100.00
Deluxe Furnished 2BR Boston Apt	0	3	42.332912093567174	-71.1024317059072	5	20	1125	0	0.39	319.00	100.00
Sunny Boston 1BR-Harvard Public Health, NEU	0	3	42.3281337620718	-71.10714859372881	2	1	14	4.9	0.11	80.00	15.00
Awesome Room	0	3	42.32780219704769	-71.10563134486547	1	1	1125	5	0.3	50.00	0.00
Charming 2-Story Flat, Great Value!	0	3	42.33000599091878	-71.11276646861832	3	1	1125	4.65	0.33	103.00	60.00
GreenT&bus stops in front of door	0	3	42.334709917139925	-71.10650473221277	2	3	1125	0	0	100.00	20.00
Amazing loft in Brewery	0	3	42.32849574343943	-71.10903338984063	4	5	1125	0	0.2	160.00	45.00
Boston bedroom near Fenway	0	3	42.330482874568	-71.10650652595727	1	1	1125	4.25	0.24	42.00	5.00
Furnished Longwood 1-BR Apartment	0	3	42.334028860193904	-71.10193051721376	3	3	1125	4	0	169.00	100.00
Walk to Medical, Queen	0	5	42.330355203685706	-71.10296323700399	2	1	1125	4.2	0.36	89.00	20.00
Deluxe Furnished 1BR Boston Apt	0	3	42.332823544853774	-71.10280316008014	3	20	1125	0	0	199.00	100.00
new two bed room Apartment the end day is 7/31/16.	0	3	42.32935031808286	-71.1038940465677	4	1	30	3.7	0	150.00	50.00
Brilliant Former Brewery Apartment	0	5	42.32726918388393	-71.09800593457369	4	4	1125	5	0.17	200.00	20.00
Great deal! Apt in front of T-stop!	0	3	42.33142677085361	-71.11113176467411	3	4	90	4.65	0.05	99.00	29.00
4 minutes walk to the Longwood Medical Area.	0	3	42.33307154504872	-71.10128559459146	1	2	23	5	0.13	99.00	0.00
Lux Longwood 2BR w/balcony & WiFi	0	3	42.334044880187555	-71.10287797077414	5	3	1125	5	0.11	272.00	100.00
Minutes from Longwood Medical Area	0	3	42.33312217027335	-71.10238263012424	1	2	28	4.65	0.16	85.00	0.00
Huge private room, cozy and comfy, longwood boston	0	3	42.331941591324835	-71.10207875571817	2	1	22	4	0	70.00	50.00
Convenient Room Near Green and Orange Line	0	5	42.330870185246425	-71.10436599568429	2	1	31	0	0.12	100.00	20.00
A Sunny One Bed Apt	0	3	42.331858487704714	-71.11195581484824	4	5	1125	4.5	0.15	109.00	30.00
Boston Cozy, safe private room in Longwood area	0	3	42.33354189851089	-71.10021747687979	2	1	4	0	0	80.00	0.00
Walk to Medical	0	5	42.33196610608193	-71.10327371972126	1	1	1125	4.7	0.34	79.00	20.00
Shared Apartment on Smith Street	0	3	42.333803842612895	-71.09617170360276	1	3	1125	3.4	0.15	28.00	0.00
Studio apartment in Mission Hill, Roxbury	0	5	42.3284392686725	-71.0979069144364	2	2	1125	4.75	0	55.00	25.00
Modern 2BD in Longwood Medical Area	1	3	42.33441953819978	-71.10268932653712	2	2	1125	4.9	0	110.00	0.00
bright room in 4b1b near T/longwood, 1b/room	0	5	42.33296597781526	-71.11066826717925	1	1	1125	3.35	0.25	40.00	0.00
Awesome Former Brewery Loft	0	5	42.327664807217865	-71.09896306305787	2	1	3	4.75	0.06	90.00	50.00
Make yourself comfortable.	0	3	42.33475108572789	-71.09627417944942	2	1	1125	0	0	80.00	0.00
Full Size Bed Walking to Medical & Subway(T)	0	5	42.330241444605235	-71.10468772708754	2	1	1125	3.9	0	74.00	20.00
Cheap, Cozy, Convenient 1BD	0	3	42.33426742141156	-71.10652941913347	2	3	1125	4.25	0.22	100.00	13.00
Minimalist Room in a Cool Apartment	1	5	42.3320279524064	-71.10022476338676	2	2	1125	4.85	0.33	130.00	0.00
Lux Longwood 1BR w/ balcony & WiFi	0	3	42.33316484914497	-71.10132465610397	3	3	1125	0	0.11	215.00	100.00
[1480-2] 2 BR-City view at Longwood	0	3	42.33354180432224	-71.10146830649997	4	3	730	0	0	349.00	150.00
Lux Longwood 1BR w/pool, gym & WiFi	0	3	42.3334741757606	-71.10016480799916	4	3	1125	1	0.29	246.00	100.00
Boston beautiful new Apartment #43end day12/31/16	0	3	42.330081574861445	-71.10310101113842	4	1	60	2.4	0	150.00	50.00
Comfortable & Convenient in Boston	0	5	42.33070273607674	-71.09999868362854	3	1	4	4.65	0.19	45.00	10.00
Cozy and convenient in Mission Hill	0	5	42.33068877228484	-71.09877610730857	4	2	1125	4.5	0	100.00	20.00
Place of Peace	0	3	42.33091894635664	-71.10873628820221	3	1	1125	4.8	0.08	130.00	0.00
Classic Brownstone Walk-Up	0	5	42.33454903433351	-71.10296058223196	1	1	1125	5	0.4	60.00	0.00
Apt close to downtown and backbay	0	3	42.3337525039974	-71.10654012092837	2	2	20	0	0	175.00	60.00
Lux Longwood 1BR w/pool, gym & WiFi	0	3	42.333703815725244	-71.10145425986323	3	3	1125	5	0.34	246.00	100.00
Cozy, high-rise room, stunning view	1	3	42.33886860712996	-71.10709963799906	1	1	14	4.9	0.32	84.00	0.00
Great Fenway Studio, Be Our Guest! 	0	3	42.339382787710306	-71.10017235240565	4	1	1125	4.4	0.05	149.00	40.00
Spacious and cozy apartment(shared)	0	3	42.342620024001896	-71.10362749572894	2	1	1125	0	0	75.00	10.00
High-rise room, convenient environs	1	3	42.339020006398144	-71.1066409301378	1	1	1125	4.8	0	84.00	0.00
2BD, Steps to Hospitals, T&Colleges	0	3	42.342134775272235	-71.10702671182142	4	4	1125	0	0	100.00	25.00
1 Bedroom Apt. A - Boston Back Bay	0	3	42.34930061992321	-71.06897966781574	4	1	1125	4.6	0.27	165.00	65.00
Luxury 2 BR, Private Entrance Townhouse 2	0	3	42.34850865691721	-71.06929010159308	4	3	1125	5	0.36	289.00	100.00
Back Bay Studio walk score 98 steps public trans	0	3	42.349319949127846	-71.06682139176101	4	2	1125	0	0.32	170.00	100.00
Arlington Street, Lux low-rise 1 Bd Back Bay area	0	3	42.34918043705066	-71.06874937014906	2	10	1125	0	0.28	247.00	0.00
Heart of Boston Home 6 walk to all of Boston	0	3	42.34883381364865	-71.06896545929067	5	2	1125	0	0	500.00	250.00
Boston -in the center of it ALL!	0	3	42.34823707653101	-71.06851742466118	2	3	1125	5	0	139.00	90.00
1 Bedroom Apt. *B - Boston Back Bay	0	3	42.34925132694995	-71.06899058119524	4	1	1125	4.4	0.18	165.00	75.00
Townhouse next to the Boston Common	0	3	42.349532351495846	-71.06944196366528	4	2	1125	5	0.21	500.00	0.00
Full Serviced One Bedroom Apartment	0	3	42.34873142922351	-71.06831683813054	3	1	1125	5	0.21	350.00	160.00
Lovely Back BayTownhouse in Boston 38M	0	3	42.34958554288832	-71.06757506075716	5	2	1125	4.55	0.34	500.00	250.00
2 Bedroom Suite - Boston's Back Bay	0	3	42.348475108099976	-71.07040673233617	6	1	1125	4.3	0.2	188.00	95.00
Charming Bay Village Brownstone Apt	0	3	42.34839952103118	-71.06802704426589	4	1	1125	4.75	0	400.00	0.00
Cozy Classic Boston Brownstone	0	3	42.348893581808525	-71.06849710628192	3	3	1125	4.85	0.32	180.00	90.00
Historic townhouse in the heart of Boston	0	3	42.349003853079395	-71.06887725966722	4	3	120	0	0.17	375.00	125.00
In the Heart of Boston! Also	0	3	42.34880685343603	-71.06812836338845	2	2	1125	4.7	0	99.00	49.00
Renovated 1 Bedroom Steps from Boston Common	0	3	42.350016660126784	-71.06773808344789	2	1	1125	0	0.22	170.00	150.00
Steps from everywhere you want 2 go	0	3	42.35015380074847	-71.06793078801779	2	2	7	4.5	0.21	125.00	25.00
Lux 1BR Back Bay + Basketball Court	0	3	42.3497134913012	-71.06985265838696	3	14	1125	0	0.15	129.00	100.00
Private Room in the Heart of Boston	0	3	42.34897813439239	-71.06782458659784	2	1	1125	4.65	0.16	90.00	25.00
Dramatic 2 BR, Private Entrance Townhouse 1	0	3	42.35046583775115	-71.06709322548006	4	3	1125	0	0	299.00	100.00
Comfy 2BR, Amazing Location!	0	3	42.34922068461341	-71.06691407927605	4	2	1125	4.8	0.21	225.00	0.00
Spectacular Boston Townhouse 36M	0	3	42.34990066879407	-71.06960020992611	5	2	1125	3.65	0	500.00	250.00
Boston City Home 8 right in the heart of the city	0	3	42.3484557168945	-71.06810028933633	5	2	1125	0	0.32	500.00	250.00
In the Heart of Boston too!!	0	3	42.3503589882681	-71.06779348952853	2	2	1125	4.65	0.15	99.00	45.00
Private Room in Hip Loft	0	3	42.3504168336011	-71.05789450409064	2	1	1125	0	0	245.00	0.00
2 BR Luxury Condo, Downtown Boston	0	3	42.35132194985031	-71.05765499381603	4	1	1125	4.75	0	390.00	95.00
Best Location, Luxury Condo	1	3	42.35144811572914	-71.05866958788957	2	1	1125	5	0	159.00	50.00
Luxury Condo	1	3	42.35125052243031	-71.05893024712475	4	1	1125	0	0.08	295.00	80.00
One-Bed Condo (Downtown Boston)	0	3	42.351765729822496	-71.0570491779424	2	2	1125	5	0.3	179.00	0.00
[1857]2BR At Radian Apartments	0	3	42.35194004597159	-71.06007650740698	4	7	365	5	0.31	399.00	150.00
Luxury Furnished 1BR Boston Apt	0	3	42.351929020749914	-71.05950779254559	3	15	1125	5	0	219.00	100.00
[1857-1]1BR At Radian Apartments	0	3	42.35198196833226	-71.05960861309755	2	7	365	0	0	289.00	150.00
Luxury 1BR Boston Apt	0	3	42.3512146620701	-71.05937481486708	3	15	1125	0	0.16	219.00	100.00
New Downtown 2Bedrooms	0	3	42.34867606531526	-71.06124332901368	4	3	90	4.3	0.07	295.00	60.00
Chic 2BR Near Boston Common	0	3	42.351266667257654	-71.06190274415641	4	3	1125	4.65	0.21	259.00	95.00
New 1 BD Downtown ( B )	0	3	42.34898803932816	-71.06049315314665	3	3	1125	4.55	0.25	185.00	60.00
Roomy 2BR close to Boston Common	0	3	42.35124444173521	-71.06197822096027	4	3	1125	5	0.24	269.00	95.00
Downtown Back Bay Studio W/Parking	0	3	42.34884035947795	-71.0638387110802	4	1	1125	4.4	0.36	109.00	40.00
2BR Downtown Boston	0	3	42.34816470077913	-71.05974390633993	4	3	1125	4.25	0.07	295.00	60.00
Lux Downtown Boston 2BR Apt w/pool	0	3	42.35163838388161	-71.062148069686	5	3	1125	4.6	0	389.00	100.00
Tufts medical,Boston tourists,sleeps 6,ChinaTown	0	3	42.34754058861708	-71.06021712789311	4	2	1125	0	0.1	215.00	125.00
4BR & 2BA Downtown: Combine 2 units	0	3	42.3488934738346	-71.05996425513219	8	4	1125	4.75	0	375.00	120.00
Brand New Luxury 1 bedroom Downtown Boston	0	3	42.35067613459507	-71.06137717804796	4	4	1125	0	0	270.00	100.00
Lux 2BR w/WiFi, Central Boston	0	3	42.35152667387898	-71.06000350976659	5	15	1125	5	0.04	285.00	100.00
Convenient 2bd Downtown Apt	0	3	42.35055216014412	-71.06168614267253	6	1	1125	4.75	0	296.00	69.00
Apartment in Chinatown Boston	0	3	42.350711288944154	-71.0627487600469	3	1	1125	0	0.34	80.00	10.00
LUX 1 Bedroom Downtown Boston Apt	0	3	42.35114556123238	-71.05989021711312	3	15	1125	5	0.06	219.00	100.00
Chinatown Best Location Studio	0	3	42.350297255857136	-71.06231125003633	2	3	1125	4.35	0.1	120.00	10.00
2 bed China Town,Tufts Medical,South Station,MBTA*	0	3	42.349611708674736	-71.06062286276435	4	2	1125	0	0.35	209.00	120.00
Luxury 2BR Boston Apt	0	3	42.35171501766326	-71.05971001034017	5	15	1125	5	0	399.00	100.00
Room+Pvt Bathroom, Heart of Boston	1	3	42.349555041024786	-71.06188093129498	2	1	31	4.9	0.34	159.00	20.00
Cozy Chinatown/South End Studio	0	3	42.3483997905399	-71.06227730650362	3	2	1125	4.55	0	125.00	10.00
Charming Garden Studio In South End	0	3	42.338434491106874	-71.07684758696394	2	2	365	4.35	0	145.00	65.00
South End Gem	1	3	42.336760458154714	-71.07576188649263	1	1	30	4.8	0.09	89.00	5.00
Modern, Airy 2 BR Loft in South End	0	3	42.34426013201698	-71.06652566121373	6	1	1125	4.8	0.12	238.00	15.00
South End Private Garden, Free Parking	0	3	42.33716831362333	-71.0749956875594	3	2	1125	4.65	0.42	161.00	50.00
One of the best rooms in Boston. Period.	0	3	42.34442714881363	-71.06408580697922	2	1	1125	5	0	149.00	10.00
South End Artist Loft in SOWA	0	3	42.3433555536779	-71.06571608927693	5	2	1125	4.5	0.38	300.00	125.00
Cool Boston Crib. Awesome Building	0	3	42.344373078716885	-71.06457653067582	6	2	1125	4.65	0.36	177.00	99.00
Boutique South End, with sunshine	1	3	42.34414714107277	-71.07272570198928	2	32	365	4.95	0.4	185.00	200.00
South End Apt w/ Private Deck.	0	3	42.342782018373995	-71.07685953536495	4	1	1125	5	0	240.00	15.00
Beautiful Brownstone Condo	0	3	42.342334596351975	-71.07311989062913	2	7	360	4.75	0.04	225.00	0.00
New King Bed, Free Parking&WiFi	1	3	42.2740855479012	-71.16879200051908	2	1	1125	4.65	0.15	65.00	20.00
Nice large bedroom with private bathroom	0	3	42.3016697631621	-71.16482633725231	2	9	25	0	0.44	50.00	30.00
West Roxbury (Boston) private room	1	3	42.271745147344056	-71.16148454283409	2	1	5	4.95	0.2	80.00	0.00
Rustic, european style 3 bed/2bath	0	3	42.28641216060653	-71.15371574025282	6	2	1125	4.7	0.07	245.00	75.00
A safe and private place to stay!	0	6	42.26569048905796	-71.15989518596996	1	2	1125	3.3	0.08	48.00	20.00
Double in Arts & Crafts Bungalow	1	3	42.27737752102145	-71.1435708718744	2	1	1125	4.8	0.15	50.00	15.00
Private Room w/ Two Queen Comfortable Beds	1	3	42.27426066859584	-71.16704388685727	4	1	1125	4.55	0	65.00	20.00
Private Room with Queen and Twin Beds	1	3	42.27245669725701	-71.16863144666411	3	1	1125	4.75	0.34	65.00	20.00
Quiet and safe	0	3	42.29402266959167	-71.1513576586947	1	1	1125	0	0	90.00	0.00
Clean, Convenient and Comfortable	0	3	42.29198822641936	-71.14110860733061	2	1	2	5	0	80.00	0.00
Be our Guest in Boston	0	3	42.270662026898755	-71.1687513985929	2	1	1125	0	0.29	100.00	0.00
Cozy bedroom	0	3	42.290673154385	-71.15114081773952	1	1	1125	0	0	65.00	50.00
SPACIOUS private Boston home surrounded by nature!	0	3	42.299553215464385	-71.12913835315712	8	2	1125	0	0.32	349.00	0.00
Large Two bedroom apartment	0	3	42.29084227903547	-71.15311175907998	2	7	1125	0	0.21	165.00	150.00
A HOME AWAY FROM HOME	0	3	42.273350470989314	-71.16418823189622	2	1	1125	5	0.31	95.00	0.00
Queen in Arts & Crafts Bungalow	1	3	42.27753724788013	-71.14347839569454	2	1	1125	5	0.11	60.00	15.00
Quiet, Clean, and Comfortable	0	3	42.27307168640065	-71.14653442057656	2	1	1125	4.8	0	45.00	0.00
Private room in attic	0	3	42.27609545484709	-71.16250419223144	2	1	1125	5	0.23	60.00	0.00
Charming 1Bdrm Apt Close to Boston and Colleges	0	7	42.301903757168496	-71.16733329407919	3	2	1125	0	0.17	90.00	50.00
Free parking, spacious private room	0	3	42.290185437863244	-71.15637538377736	2	2	1125	4.85	0	70.00	20.00
Allston, Close to Harvard Business School + BU H	0	3	42.35913732960637	-71.13005211169698	2	1	1125	4.4	0.14	80.00	35.00
Lower Allston is the new Harvard Sq	0	3	42.36230907844898	-71.13494210335833	2	1	1125	5	0	120.00	0.00
Brand New Renovations, Private Apartment on T!	0	3	42.35075578295176	-71.12870645433885	2	1	1125	5	0.3	75.00	25.00
Private Bedroom/Bathroom! Allston	0	8	42.35086692335783	-71.12917517845776	2	3	7	4.5	0	100.00	10.00
NEW perfect nice1BDRM close to airports and city	0	9	40.67287	-73.78149	2	1	25	4.9	0.12	200.00	0.00
Amazing location,	0	10	40.70558	-74.01075	2	1	1125	0	0.16	270.00	0.00
A great place in the heart of Ridgewood =)	1	9	40.70796	-73.90821	6	2	21	0	0	90.00	100.00
Brooklyn walk-up	0	11	40.6064	-74.01195	2	14	1125	0	0	85.00	120.00
LUXURY APT FOR EVENTS & SHOOTS | sleeps 4, host 24	0	9	40.66039	-73.76086	4	2	30	5	0	600.00	100.00
Private room with one Bed in Central Hotel	0	9	40.7597	-73.83091	2	1	1125	4.65	0.15	120.00	0.00
MICRO STUDIO APT AT DELANCEY ESSEX ST INTERSECTION	0	10	40.71857	-73.98423	2	2	10	5	0.21	80.00	45.00
Private room in Brooklyn	1	11	40.67463	-73.9541	1	1	1125	5	0	55.00	60.00
The Hub	0	12	40.81682	-73.92851	2	1	3	5	0.09	80.00	15.00
Private Ocean Side 2BR Apt, 1 block from the ocean	1	11	40.57885	-73.95163	4	3	21	5	0.22	69.00	130.00
Private Room in Brooklyn Near Brooklyn Museum	0	11	40.6758	-73.95256	1	3	120	5	0.23	59.00	60.00
The Zen Den btwn Bedford & Berry	0	11	40.71479	-73.96294	4	2	1125	5	0	85.00	25.00
Luxurious 2 Bedroom 2 bathroom Private Balcony	0	10	40.74385	-73.97202	6	30	1125	0	0.45	300.00	0.00
Modern and well appointed 3 bed in Nolita/L. Italy	0	10	40.71845	-73.99675	6	3	1125	5	0.22	425.00	0.00
Sonder | One Platt | Bright 1BR + Fitness Center	1	10	40.7061	-74.00693	2	2	1125	5	0	142.00	95.00
spacious and sunny apartment in the heights!	0	10	40.83816	-73.94247	4	1	14	5	0.5	55.00	50.00
Luxury,ComfyAptWithPrivateTerrace,5minToTimesSq	0	10	40.76128	-73.98901	4	5	1125	4.4	0.41	299.00	119.00
Large 2 Bdrm in Best area of SOHO-1st Responders	1	10	40.72168	-73.99693	4	3	1125	0	0	159.00	65.00
On the go or settling in-Comfy and reliable!	0	11	40.69774	-73.93255	2	3	7	0	0.17	75.00	0.00
Sunny and Bright East Village Gem!!	0	10	40.72722	-73.98115	4	5	11	0	0.09	240.00	80.00
Beautiful, large Astoria one bedroom	0	10	40.76234	-73.92733	4	5	1125	0	0	89.00	0.00
Winter artistic Bushwick Sublet Available	0	11	40.68735	-73.9179	1	60	61	0	0.08	45.00	0.00
Beautiful room in the heart of Williamsburg	0	11	40.71905	-73.96438	2	1	14	5	0.22	150.00	0.00
Soho Oasis - Quiet and Large Home Away From Home	0	10	40.71887	-73.99861	6	2	1125	4	0.22	342.00	100.00
NEW! Clean & stylish close to Manhattan	0	9	40.74599	-73.91748	2	2	1125	5	0.1	98.00	25.00
Special private Room in Chelsea	0	10	40.74307	-73.99689	1	3	1125	5	0.06	120.00	0.00
Sunny room in prime Williamsburg	0	11	40.71226	-73.94296	2	2	1125	0	0.34	75.00	0.00
Cozy cute eclectic downtown well lit STUDIO L.E.S	0	10	40.71942	-73.99073	1	2	90	4	0	130.00	20.00
Cozy room 20 mins to the city!!!	0	11	40.69014	-73.91517	2	1	1125	0	0.29	120.00	23.00
Upper East Side One Bedroom	0	10	40.77538	-73.94471	2	1	1125	5	0	160.00	80.00
[H] Quiet Cozy Room Near Subway Station.	0	9	40.69339	-73.86664	2	20	999	5	0.21	53.00	25.00
Modern Oasis in the Village	0	10	40.72836	-74.00156	2	3	1125	0	0.13	450.00	65.00
A Cozy Bay Ridge pad	1	11	40.61451	-74.03072	3	3	22	5	0.5	70.00	85.00
Luxury Apt Brand New Highrise- Incredible Deal	0	11	40.69127	-73.98354	3	2	21	4.85	0	150.00	100.00
Home away from home	1	11	40.65888	-73.8951	2	2	28	4.65	0.11	35.00	35.00
[G] Quiet Cozy Room Near Subway Station.	0	9	40.69391	-73.86695	2	20	1125	0	0.21	52.00	25.00
King size bed	1	11	40.65934	-73.8933	2	2	28	4.85	0	50.00	35.00
Private Room In East Harlem	0	10	40.79114	-73.94759	1	14	28	0	0.15	57.00	0.00
Beautiful and Bright 3 bedroom in Manhattan!	0	10	40.79923	-73.94073	6	3	1125	4.15	0	195.00	100.00
Loft in the most beautiful city with a view	0	10	40.73731	-73.98564	2	5	10	5	0.19	225.00	50.00
Families welcome: Manhattan apt near A, 1 trains	0	10	40.87267	-73.91832	4	1	20	4.5	0.11	54.00	20.00
Comfortable private room in Downtown Manhattan,NY	0	10	40.71201	-73.9946	2	1	1125	3.65	0.08	56.00	50.00
Charming 2 bedroom	0	11	40.68117	-73.94127	4	15	1125	0	0.34	200.00	0.00
2BR Midtown East Pad With Large Private Terrace!	0	10	40.75402	-73.9689	5	3	1125	3.35	0.18	215.00	149.00
Cozy South Slope Condo (F & G train right outside)	0	11	40.64524	-73.98097	2	1	1125	5	0.16	40.00	15.00
Beautiful space at the heart of NYC!	0	10	40.76265	-73.97662	1	7	30	0	0.15	80.00	0.00
Coziest room in South Slope steps from Subway	1	11	40.66044	-73.99663	1	2	30	0	0	55.00	15.00
Spacious, Bright apartment at Inwood, Manhattan	0	10	40.86681	-73.92722	3	3	30	0	0	80.00	0.00
Midtown Executive Apt Grand Central	0	10	40.75115	-73.97703	2	30	1125	5	0	159.00	150.00
Luxurious KING 1 BR Grand Central	0	10	40.75107	-73.97822	4	30	1125	0	0	175.00	0.00
MINI COZY Room Close to Metro N,R line	0	11	40.63988	-74.01518	1	2	1125	4.65	0.15	28.00	18.00
Sunny Astoria	0	9	40.76367	-73.91105	1	15	31	0	0.13	50.00	40.00
Private Room Sleeps 3  in Bed Stuy Near Train	0	11	40.68716	-73.95318	3	2	1125	3	0.16	70.00	0.00
A home away from home	0	13	40.63542	-74.15476	2	1	20	4.75	0	60.00	10.00
Comfy & Spacious Brooklyn Apartment	0	11	40.63068	-73.95777	2	2	1125	5	0	75.00	75.00
Central Park West  Gem	0	10	40.79725	-73.96233	2	2	1125	5	0.3	135.00	60.00
Charming Brownstone Apartment Near Central Park	0	10	40.78672	-73.96928	4	3	180	5	0.14	135.00	175.00
Great Location Midtown 2 BR Apartment	0	10	40.75677	-73.96878	4	3	1125	4.65	0	138.00	100.00
15 mints from JFK airport & LGA airport.	0	10	40.71182	-73.80982	1	1	1	0	0.23	125.00	20.00
Midtown Manhattan Cozy Studio by Empire State	0	10	40.74778	-73.98677	4	1	29	4.8	0.12	190.00	0.00
Chill spot for adults who simply know better.	0	9	40.70589	-73.91212	1	2	7	5	0.18	120.00	25.00
Entire full suite room in Downtown Brooklyn	0	11	40.68131	-73.98624	2	1	3	5	0	500.00	40.00
Location!Location! Central Park luxury apartment	0	10	40.76643	-73.97916	4	30	1125	0	0.14	396.00	250.00
Cozy room in Crown Heights near 2/4 train	0	11	40.66921	-73.93144	1	3	1125	0	0.08	60.00	18.00
The Number one "1"	0	10	40.78792	-73.9679	4	2	90	0	0.3	180.00	120.00
Cozy, comfort close to LaGuardia Airport	1	14	40.76713	-73.87155	3	1	7	4.95	0	75.00	10.00
Minimal place in the heart of Manhattan!	0	10	40.71398	-73.99422	5	1	1125	4.3	0.06	109.00	18.00
Studio 101 : your home away from home	0	11	40.69518	-73.96502	2	5	1125	5	0.3	100.00	0.00
Private room in Bushwick 1/2 block from J-M train.	0	11	40.69939	-73.93922	1	3	150	0	0.07	45.00	50.00
Modern 1 Bed Apartment, Wburg/Greenpoint w rooftop	0	10	40.7202	-73.94309	2	14	30	0	0.07	200.00	0.00
Spacious apartment in charming Park Slope!	0	11	40.66641	-73.99025	4	3	1125	5	0	130.00	50.00
Lower Manhattan Apt. Perfect for long safe stay	0	10	40.72683	-73.98554	1	14	50	0	0.27	250.00	150.00
Bedroom 15 minutes from Central Park	0	10	40.78745	-73.94365	2	1	1125	4.7	0.02	65.00	0.00
LoftStyle MasterBedroom + office in LES	0	10	40.71887	-73.98643	2	2	1125	0	0.42	140.00	80.00
☆ January Clean 1 Bedroom  Chelsea/Hudson Yard☆	0	10	40.74927	-73.99559	7	1	7	5	0.04	195.00	25.00
Best location in W'Burg, super fun neighborhood	1	11	40.7148	-73.95788	2	1	30	4.6	0.04	99.00	69.00
MIDTOWN LUXURY OASIS	0	10	40.76213	-73.98562	2	1	4	0	0.15	700.00	150.00
Luxury room with private full bath, TV & speaker	1	11	40.71268	-73.95969	2	1	30	5	0	99.00	69.00
Queensize room, full bathroom to self, balcony	1	11	40.7139	-73.9584	2	1	30	4.85	0.12	99.00	69.00
Gorgeous Room w/ PRIVATE BATH & patio, central WB	1	11	40.71416	-73.95999	2	1	30	5	0.33	99.00	69.00
Hotel-like space, private bathroom, kitchen & W/D	1	11	40.71271	-73.95979	2	1	30	4.9	0	99.00	69.00
Clean, fresh room, private shower, TV and Speaker	1	11	40.71444	-73.95796	2	1	30	5	0	99.00	69.00
Charming room 5 blocks to Central Park near Subway	0	10	40.77006	-73.95655	1	5	360	5	0.06	50.00	0.00
Brand new room, furnished for a stylish stay in NY	1	11	40.71341	-73.95968	2	1	30	4.85	0	95.00	69.00
Cozy 2 BDR at heart of Downtown	0	10	40.72223	-74.00996	3	2	1125	3	0.07	150.00	20.00
Best location, central W'Burg, easy access to City	1	11	40.71341	-73.95909	2	1	30	5	0.29	95.00	69.00
NYC Studio in Harlem Heights	0	10	40.83421	-73.94336	2	2	1125	4	0.1	80.00	0.00
Chelsea Doorman 1 bedroom 5244 Elevator GYM	0	10	40.741	-73.99573	3	7	250	0	0.08	180.00	200.00
Amazing 2 bedroom apartment in prime Park Slope	0	11	40.67813	-73.97995	4	30	45	0	0.07	175.00	100.00
Fun Comfy & Cozy Railroad Apt near L train	0	11	40.703	-73.9259	4	2	1125	4.5	0.09	150.00	0.00
Doorman Elevator Furnished 2 bedroom Chelsea 5252	0	10	40.74269	-73.99585	6	7	250	5	0.11	320.00	200.00
Kate & Sy's Place	0	11	40.67335	-73.94128	4	2	1125	5	0.38	74.00	50.00
Club Wyndham Midtown 45, New York City, 1 Bedroom	0	15	40.75226	-73.97171	2	4	182	0	0.2	599.00	99.00
Minimalist East Village Apartment!	0	10	40.72292	-73.98181	2	3	1125	5	0.13	200.00	70.00
Great studio in East Village! Unique opportunity!	0	10	40.72915	-73.98577	2	2	13	5	0.15	200.00	50.00
Doorman 1 bedroom Basketball Elevator! 5255	0	10	40.73964	-73.97757	3	7	250	0	0.19	185.00	150.00
Premier room in Downtown NYC, Spacious and Private	0	10	40.71543	-73.99837	2	1	1125	4.8	0	75.00	50.00
Bright Room With A Bay Window 1A	1	9	40.70564	-73.90127	1	7	45	5	0	72.00	75.00
Gramercy Gem	0	10	40.737	-73.98311	2	3	1125	0	0	200.00	0.00
Modern Spacious Room	0	9	40.76675	-73.89326	2	1	1125	0	0.2	70.00	25.00
Neon studio in Chinatown	0	10	40.71294	-73.99866	3	2	1125	5	0	149.00	36.00
Art Filled Industrial Williamsburg Loft	0	11	40.71196	-73.96332	4	30	45	5	0.44	87.00	150.00
Amazing Room in Charming Brooklyn Neighborhood	0	11	40.61111	-73.97014	2	6	16	0	0	33.00	10.00
Cozy & clean entire place, NYC getaway, LGA, JFK	0	9	40.75572	-73.81225	3	2	21	4.8	0.4	119.00	29.00
Warm Home in beautiful Astoria, Queens	0	9	40.76721	-73.91736	4	3	7	5	0.02	130.00	65.00
Comfort room in Downtowm Manhattan, Chinatown,Soho	0	10	40.7159	-73.9984	2	1	1125	3.85	0.06	57.00	50.00
Great and Cozy Room Next To The Train.	0	11	40.68078	-73.90841	3	1	1125	4	0.45	50.00	25.00
Queen Bedroom On A Tree Lined Steet, East Village	0	10	40.72504	-73.98626	2	7	100	4.7	0.19	29.00	40.00
Best Room in Brooklyn	0	11	40.67929	-73.90652	3	1	1125	4	0.4	40.00	25.00
Spacious furnished bedroom in Bushwick	0	11	40.69257	-73.90638	1	7	30	5	0.4	45.00	0.00
Room in brand New Building; heart of Brooklyn	0	11	40.69132	-73.94211	1	10	13	0	0.22	50.00	0.00
/BROOKLYN STYLE/ Bright Room with Queen-sized Bed	0	11	40.69227	-73.94559	1	2	1125	5	0.12	39.00	0.00
Room 3 in Furnished Apartment- Beautiful 3 Bedroom	0	10	40.72248	-73.99707	1	30	1125	0	0.15	55.00	0.00
entire one bedroom apartment in east village	0	10	40.72984	-73.98828	1	30	1125	0	0	2850.00	0.00
Tree House Loft in the Heart of Clinton Hill	0	11	40.69409	-73.96713	3	2	28	0	0.21	150.00	60.00
NYC Airbnb 4.	1	11	40.69364	-73.94507	5	1	1125	5	0.11	350.00	100.00
Long Island City Luxury Studio for Rent	0	10	40.74682	-73.93876	2	30	90	0	0.32	120.00	0.00
In the heart of Chelsea with a private TERRACE!	0	10	40.74143	-74.00584	2	3	40	0	0	250.00	0.00
Relaxing Brooklyn Bedroom	0	11	40.68191	-73.91631	2	1	1125	5	0.35	65.00	27.00
2 bedrm Multi-USE apartment with a Queen Size Bed	0	10	40.88052	-73.90038	15	1	14	4.4	0	75.00	0.00
Doorman 78th St& Madison! Elevator 5249	0	10	40.77624	-73.96142	3	7	250	5	0	165.00	170.00
Artsy apartment! BEST bushwick location!	0	11	40.69969	-73.92872	4	1	1125	3	0.11	199.00	40.00
Cozy room in Jackson Heights-15 mins to Manhattan.	0	16	40.75229	-73.89438	2	2	120	0	0	115.00	40.00
Luxury Apt 2bedroom 2bath near subway & all 2E	0	9	40.76649	-73.82718	4	2	28	4.4	0.11	135.00	75.00
Cozy Bedroom Oasis in Upper Manhattan	0	10	40.79464	-73.94344	2	70	300	0	0.33	95.00	85.00
NYC Airbnb 2.	1	11	40.69326	-73.94529	2	1	1125	4.75	0.18	100.00	15.00
NYC Airbnb 3.	1	11	40.69512	-73.94521	2	1	1125	4.9	0	75.00	10.00
Spacious brownstone apartment	0	10	40.79836	-73.93367	4	2	1125	5	0.32	110.00	30.00
Sunny Loft Apartment Next to the Park	0	11	40.66198	-73.96023	5	2	30	0	0.07	100.00	50.00
Park Avenue Dream	0	10	40.77566	-73.96153	5	30	1125	0	0.25	375.00	0.00
MountSinai | Close to the hospital | Private Room	1	10	40.79488	-73.96383	2	30	1125	0	0.34	78.00	30.00
Bella Vista Hideaway - Upper East Side	0	10	40.78064	-73.94723	3	1	14	0	0.2	300.00	130.00
Cozy King Room - Bayside Hotel 25 MIN to Manhattan	0	9	40.76131	-73.76538	2	1	14	0	0.15	99.00	30.00
Greenpoint 2 bedroom Available!	0	11	40.72164	-73.94385	4	30	90	0	0.33	100.00	0.00
Comfy King Hotel Room 25 MIN to Manhattan	0	9	40.76097	-73.76512	2	1	14	0	0.08	89.00	30.00
Lux King Room- Queens Hotel 25 MIN to Manhattan	0	9	40.76158	-73.76702	2	1	14	0	0	89.00	30.00
Cozy Apt! Ridgewood-Bushwick 20 Mins to Manhattan!	0	17	40.70742	-73.91533	6	7	1125	0	0.06	250.00	0.00
Private and spacious room, 15 mins to Times Square	0	10	40.82428	-73.94696	2	4	1125	5	0	99.00	40.00
Huge Private Room ( Fits 3ppl ) Upper East Side	1	10	40.78239	-73.94544	3	2	4	4.65	0.33	49.00	5.00
Complete Apartament! Cozy and super clean spacious	0	11	40.63931	-73.9692	2	1	13	0	0.05	85.00	0.00
BEAUTIFUL, CLEAN AND ACCOMMODATING APT FOR YOU!	0	12	40.86215	-73.89386	5	1	29	0	0.05	200.00	0.00
Jumbo Room From Spacious 2b1.5b Home Time Square.	1	10	40.75447	-73.99258	4	5	15	5	0.1	60.00	40.00
NEW Spacious 2B home near Time Square(1.5 Bath)	1	10	40.75537	-73.99368	7	4	14	5	0.11	206.00	60.00
Astoria, very easy access to Manhattan	1	9	40.75848	-73.92423	7	2	1125	4.95	0	149.00	95.00
Sunshine room in Downtown Manhattan,Two Bridges NY	0	10	40.71297	-73.99591	2	1	1125	5	0.02	58.00	50.00
Nice One-Bedroom in Brooklyn	0	11	40.66016	-73.89045	2	10	1125	4	0	85.00	30.00
Chill Spot	0	11	40.69065	-73.94353	1	14	1125	0	0.01	30.00	0.00
Home away from home	0	11	40.62489	-73.93794	2	1	2	2	0	125.00	0.00
Cozy Light-Filled BR in Bohemian Clinton Hill Apt	0	11	40.69311	-73.9647	2	1	1125	4.85	0.19	55.00	25.00
Studio: Classic Brooklyn Bushwick Artist Loft	0	11	40.6951	-73.90735	5	3	7	5	0	120.00	50.00
Highly Disinfected | 3 Bedroom Close To Trains, Shops & Restaurants	0	11	40.69797	-73.90996	8	3	200	5	0	299.00	150.00
Fantastic large Room,Great for 1 person NEAR MALL	0	9	40.65714	-73.73027	2	14	1125	0	0.08	40.00	20.00
New One Bedroom in High Rise W/ Great NYC Views	0	10	40.76974	-73.9859	3	1	60	0	0.31	190.00	75.00
Cozy private room	0	12	40.89199	-73.8567	2	3	28	0	0	70.00	0.00
Sweet and Festive Brooklyn Bungalow	0	11	40.69782	-73.93932	2	2	6	0	0.19	70.00	0.00
BROOKLYN GOLD - Great Holiday Spot Carroll Garden	0	11	40.68227	-73.99615	4	6	12	0	0.15	269.00	0.00
Step into a true oasis	0	11	40.70002	-73.93475	2	2	1125	3	0.11	100.00	45.00
Soho Private Bedroom Bedroom 1300 sqft. Loft	0	10	40.7203	-73.9997	1	3	1125	0	0.22	225.00	100.00
Nocturnal Club Wyndham Midtown 45, 1 Bedroom Suite	0	15	40.75148	-73.97332	6	2	182	0	0	699.00	99.00
Lovely private bedrom just across the Central Park	1	10	40.79719	-73.94781	2	1	1125	4.5	0	65.00	40.00
Best Location! 3BR Loft near Times Square!	0	10	40.75651	-73.99359	8	2	1125	4	0	2500.00	165.00
Private Comfort room in Downtown Manhattan NYC	0	10	40.71589	-73.99821	2	1	1125	5	0.12	60.00	50.00
Peace and love always	0	18	40.73778	-73.88127	2	1	1125	0	0	45.00	25.00
Private bedroom close to NYC	0	9	40.78763	-73.81359	1	2	28	0	0	40.00	100.00
Charming 1BR! East Side/Lenox Hill!	0	10	40.7639	-73.96129	2	30	1125	5	0.06	119.00	110.00
Your peaceful pied-à-terre in energetic Manhattan	0	10	40.70608	-74.01449	2	2	1125	0	0	200.00	0.00
Fully-equipped Room | Morningside Mount Sinai	1	10	40.79491	-73.96334	2	30	1125	0	0.28	69.00	30.00
Huge Sunny Loft in Williamsburg	0	11	40.70847	-73.94686	4	5	1125	0	0.12	99.00	75.00
Beautiful unit in the heart of Manhattan.	0	10	40.80505	-73.95566	4	1	1125	4.45	0	104.00	59.00
Elegante habitación amplia y en una área céntrica	0	10	40.86355	-73.90024	2	3	1125	0	0	75.00	0.00
Light-filled newly renovated Summer Rental!	0	11	40.68745	-73.93115	2	30	180	0	0	180.00	0.00
Sunlit Bedstuy Charm	1	11	40.68471	-73.946	4	2	1125	5	0.42	130.00	70.00
Private room with 2 XL Twin beds - 1	1	11	40.68304	-73.91462	2	2	29	4.65	0.44	30.00	10.00
A sunny creative space in South Slope Brooklyn	0	11	40.66306	-73.99413	3	1	1125	4.5	0	73.00	35.00
Private room with XL full sized bed - 2	1	11	40.68096	-73.91453	2	7	29	5	0.4	30.00	10.00
Private room for 2 with XL full sized bed - 4	1	11	40.68115	-73.91618	2	7	29	4.6	0.37	30.00	10.00
Cozy room in quiet safe neighborhood close to LGA’	0	9	40.76125	-73.88229	2	1	1125	4	0	70.00	25.00
Studio287 In the heart of Midtown Manhattan	0	10	40.74621	-73.98681	4	2	30	0	0.12	242.00	100.00
(B3)Comfort Double Room	1	9	40.76267	-73.80863	2	3	1125	5	0.06	43.00	10.00
Studio435 In the heart of Midtown Manhattan	0	10	40.74751	-73.98682	4	2	30	5	0.11	242.00	100.00
Private room for 2 with XL full sized bed - 3	1	11	40.6826	-73.91589	2	7	29	4.65	0.04	30.00	10.00
Studio858 In the heart of Midtown Manhattan	0	10	40.74748	-73.9887	3	2	30	0	0.34	220.00	100.00
Great LES One Bedroom Apartment.  Full 6 weeks .	0	10	40.72212	-73.9826	2	46	46	0	0.3	96.00	0.00
NEW LUXURY CONDO - 2 BR, 2 BATH, LGA, Subway	0	18	40.74155	-73.88376	7	2	1125	4.5	0	225.00	80.00
NewPlace 5(Entire apartment)	0	9	40.75583	-73.83197	4	1	1125	4.5	0	110.00	0.00
Cozy private,room near Columbia University	0	10	40.81381	-73.95301	2	1	29	4.5	0.17	62.00	15.00
Bedroom in Times Square With Private Bath	0	10	40.75938	-73.9863	2	1	20	5	0.19	159.00	58.00
Walk to NYU LANGONE and other Hospitals	0	10	40.74168	-73.97945	2	3	1125	4.6	0.27	150.00	100.00
Great Location! Beautiful Room in Manhattan A1	0	10	40.79517	-73.97495	2	1	1125	4.8	0.25	70.00	15.00
Great Location Beautiful Rm 10 Mins to Times Sq A2	0	10	40.79493	-73.97319	2	1	1125	4.55	0	70.00	15.00
City View 2BR Apartment with Private Balcony	1	10	40.70642	-73.95391	8	3	1125	4.7	0.19	349.00	140.00
Beautiful 1 Bed Apt in the heart of Hell's Kitchen	0	10	40.76143	-73.9828	2	3	28	5	0.21	159.00	69.00
Location, Privacy, Comfort, Garden , subterranean	0	11	40.67939	-73.97361	4	12	1125	0	0	110.00	0.00
LUXURY APARTMENT IN TIMES SQUARE	1	10	40.76321	-73.99316	6	2	1125	4.85	0	650.00	180.00
Truxton Vaca Rental- Five Star ☆☆☆☆☆Luxurious Ap.	0	11	40.67834	-73.90515	3	1	28	5	0.36	90.00	0.00
Doorman Building with Gym, Spa & Parking!	0	11	40.71836	-73.96447	2	5	21	5	0.35	129.00	65.00
Room close Queens mall , I live alone,100%privacy	0	9	40.73774	-73.86535	2	2	1125	0	0.15	70.00	0.00
Private Room1 in Woodside ,35 min to Times Square	0	9	40.75918	-73.89823	2	25	30	0	0.11	90.00	8.00
Private sunny bedroom in Midwood	1	11	40.62233	-73.96056	1	3	1125	5	0.31	50.00	0.00
Peaceful Zen place	0	10	40.78836	-73.96899	2	1	1125	0	0.16	117.00	0.00